{
  "env": {
    "NEXT_PUBLIC_APOLLO_CLIENT_URL": "http://localhost:4000/graphql",
    "NEXT_PUBLIC_APOLLO_GITHUB_CLIENT_URL": "https://api.github.com/graphql",
    "NEXT_PUBLIC_APOLLO_PRODUCT_HUNT_CLIENT_URL": "https://api.producthunt.com/v2/api/graphql",
    "NEXT_PUBLIC_GITHUB_AUTH_TOKEN": "can't be added on github",
    "NEXT_PUBLIC_PRODUCT_HUNT_AUTH_TOKEN": "put your producthunt auth token here",
    "NEXT_PUBLIC_FIREBASE_API_KEY": "put your firebase api key here",
    "NEXT_PUBLIC_FIREBASE_AUTH_DOMAIN": "put your firebase auth domain here",
    "NEXT_PUBLIC_FIREBASE_DATABASE_URL": "put your firebase database url here",
    "NEXT_PUBLIC_FIREBASE_PROJECT_ID": "put your firebase project ID here",
    "NEXT_PUBLIC_FIREBASE_STORAGE_BUCKET": "put your firebase storage bucket here",
    "NEXT_PUBLIC_FIREBASE_MESSAGING_SENDER_ID": "put your firebase message sender ID here",
    "NEXT_PUBLIC_FIREBASE_APP_ID": "put your firebase app ID here",
    "NEXT_PUBLIC_FIREBASE_MEASUREMENT_ID": "put your firebase measurement ID here"
  },
  "build": {
    "env": {
      "NEXT_PUBLIC_APOLLO_CLIENT_URL": "http://localhost:4000/graphql",
      "NEXT_PUBLIC_APOLLO_GITHUB_CLIENT_URL": "https://api.github.com/graphql",
      "NEXT_PUBLIC_APOLLO_PRODUCT_HUNT_CLIENT_URL": "https://api.producthunt.com/v2/api/graphql",
      "NEXT_PUBLIC_GITHUB_AUTH_TOKEN": "can't be added on github",
      "NEXT_PUBLIC_PRODUCT_HUNT_AUTH_TOKEN": "put your producthunt auth token here",
      "NEXT_PUBLIC_FIREBASE_API_KEY": "put your firebase api key here",
      "NEXT_PUBLIC_FIREBASE_AUTH_DOMAIN": "put your firebase auth domain here",
      "NEXT_PUBLIC_FIREBASE_DATABASE_URL": "put your firebase database url here",
      "NEXT_PUBLIC_FIREBASE_PROJECT_ID": "put your firebase project ID here",
      "NEXT_PUBLIC_FIREBASE_STORAGE_BUCKET": "put your firebase storage bucket here",
      "NEXT_PUBLIC_FIREBASE_MESSAGING_SENDER_ID": "put your firebase message sender ID here",
      "NEXT_PUBLIC_FIREBASE_APP_ID": "put your firebase app ID here",
      "NEXT_PUBLIC_FIREBASE_MEASUREMENT_ID": "put your firebase measurement ID here"
    }
  }
}
